Workbook
Name mjtoxbd9wgme48e1: Stress!$A$1:$X$559

Sheet Stress
A1: ticker | B1: Decile for market capitalization | C1: Decile for turnover | D1: Decile for volatility | E1: Decile for price | F1: Sum of trade volume for trades that are not against hidden orders ('000) | G1: Sum of order volume for all add order messages ('000) | H1: Count of trades against hidden orders from exchanges that report trades against hidden orders | I1: Count of trades from exchanges that report trades against hidden orders. | J1: Sum of trade volume for trades against hidden orders from exchanges that report trades against hidden orders ('000) | K1: Sum of trade volume from exchanges that report trades against hidden orders ('000) | L1: Count of all cancel messages, either full or partial, for all exchanges. | M1: Count of all trade messages for trades that are not against hidden orders. | N1: Count of odd lot trade messages for all exchanges. | O1: Count of trades from exchanges that report individual trades. | P1: Sum of odd lot trade volume for all exchanges ('000) | Q1: Sum of trade volume from exchanges that report individual trades ('000) | R1: Cancels/LitTrades | S1: 100*LitVol/OrderVol | T1: 100*Hidden/TradesForHidden | U1: 100*HiddenVol/TradeVolForHidden | V1: 100*OddLots/TradesForOddLots | W1: 100*OddLotVol/TradeVolForOddLots | X1: Date
A2: AAPL | B2: 10 | C2: 5 | D2: 3 | E2: 10 | F2: 28776.7 | G2: 855285.8 | H2: 32722 | I2: 378006 | J2: 3134.759 | K2: 31911.459 | L2: 6926790 | M2: 343004 | N2: 176975 | O2: 375571 | P2: 4929.729 | Q2: 31637.588 | R2: 20.194488 | S2: 3.3645712 | T2: 8.6564764 | U2: 9.823302 | V2: 47.121583 | W2: 15.581874 | X2: 44652
A3: AAPL | B3: 10 | C3: 5 | D3: 2 | E3: 10 | F3: 29155.319 | G3: 779699.97 | H3: 28244 | I3: 355544 | J3: 2973.917 | K3: 32129.236 | L3: 5416483 | M3: 325637 | N3: 156404 | O3: 353825 | P3: 4555.692 | Q3: 31871.484 | R3: 16.6335 | S3: 3.7392997 | T3: 7.9438832 | U3: 9.2561087 | V3: 44.203773 | W3: 14.293944 | X3: 44655
A4: AAPL | B4: 10 | C4: 5 | D4: 2 | E4: 10 | F4: 27358.661 | G4: 958610.9 | H4: 30803 | I4: 354672 | J4: 2721.993 | K4: 30080.654 | L4: 7169699 | M4: 321998 | N4: 166805 | O4: 352766 | P4: 4731.568 | Q4: 29870.873 | R4: 22.266284 | S4: 2.8539902 | T4: 8.6849258 | U4: 9.0489821 | V4: 47.284886 | W4: 15.840073 | X4: 44656
A5: AAPL | B5: 10 | C5: 5 | D5: 3 | E5: 10 | F5: 34217.717 | G5: 1097580.8 | H5: 37061 | I5: 458989 | J5: 3982.283 | K5: 38200 | L5: 8722403 | M5: 419289 | N5: 222814 | O5: 456269 | P5: 6413.746 | Q5: 37979.314 | R5: 20.802842 | S5: 3.1175579 | T5: 8.0744854 | U5: 10.424825 | V5: 48.833912 | W5: 16.887472 | X5: 44657
A6: AAPL | B6: 10 | C6: 5 | D6: 3 | E6: 10 | F6: 29402.445 | G6: 1059106 | H6: 29103 | I6: 385331 | J6: 2687.005 | K6: 32089.45 | L6: 8192030 | M6: 355010 | N6: 184382 | O6: 384043 | P6: 5419.166 | Q6: 31955.608 | R6: 23.075491 | S6: 2.7761569 | T6: 7.5527274 | U6: 8.3734841 | V6: 48.01077 | W6: 16.958419 | X6: 44658
A7: AAPL | B7: 10 | C7: 5 | D7: 3 | E7: 10 | F7: 28266.268 | G7: 891229.54 | H7: 31582 | I7: 366587 | J7: 3018.02 | K7: 31284.288 | L7: 7304435 | M7: 332934 | N7: 167284 | O7: 364403 | P7: 4862.708 | Q7: 31099.082 | R7: 21.939589 | S7: 3.1716036 | T7: 8.6151446 | U7: 9.6470791 | V7: 45.906318 | W7: 15.636179 | X7: 44659
A8: AAPL | B8: 10 | C8: 5 | D8: 2 | E8: 10 | F8: 29144.841 | G8: 972729.25 | H8: 30596 | I8: 377577 | J8: 2823.182 | K8: 31968.023 | L8: 7547229 | M8: 344431 | N8: 173803 | O8: 374938 | P8: 4685.712 | Q8: 31706.37 | R8: 21.912165 | S8: 2.9961925 | T8: 8.1032478 | U8: 8.8312687 | V8: 46.355131 | W8: 14.778456 | X8: 44662
A9: AAPL | B9: 10 | C9: 5 | D9: 3 | E9: 10 | F9: 30982.312 | G9: 982560.85 | H9: 32374 | I9: 406457 | J9: 3889.822 | K9: 34872.134 | L9: 7703916 | M9: 372652 | N9: 194219 | O9: 404936 | P9: 5609.582 | Q9: 34665.426 | R9: 20.673218 | S9: 3.1532207 | T9: 7.9649262 | U9: 11.154528 | V9: 47.962888 | W9: 16.182066 | X9: 44663
A10: AAPL | B10: 10 | C10: 5 | D10: 2 | E10: 10 | F10: 26413.995 | G10: 791448.63 | H10: 27902 | I10: 331076 | J10: 4095.14 | K10: 30509.135 | L10: 6224153 | M10: 301443 | N10: 146302 | O10: 329249 | P10: 4423.347 | Q10: 30275.503 | R10: 20.64786 | S10: 3.3374238 | T10: 8.4276722 | U10: 13.422668 | V10: 44.435063 | W10: 14.610317 | X10: 44664
A11: AAPL | B11: 10 | C11: 5 | D11: 2 | E11: 10 | F11: 26882.756 | G11: 763012.62 | H11: 29214 | I11: 344152 | J11: 2846.785 | K11: 29729.541 | L11: 5772873 | M11: 312659 | N11: 165435 | O11: 341784 | P11: 4599.927 | Q11: 29397.084 | R11: 18.463799 | S11: 3.5232387 | T11: 8.488691 | U11: 9.5756103 | V11: 48.403378 | W11: 15.647562 | X11: 44665
A12: AAPL | B12: 10 | C12: 5 | D12: 3 | E12: 10 | F12: 24750.13 | G12: 941225.65 | H12: 21670 | I12: 315596 | J12: 5479.431 | K12: 30229.561 | L12: 7131424 | M12: 292508 | N12: 145665 | O12: 314131 | P12: 4182.371 | Q12: 30078.334 | R12: 24.38027 | S12: 2.6295639 | T12: 6.8663735 | U12: 18.126069 | V12: 46.370782 | W12: 13.904929 | X12: 44669
A13: AAPL | B13: 10 | C13: 5 | D13: 3 | E13: 10 | F13: 25775.344 | G13: 843017.37 | H13: 27414 | I13: 320770 | J13: 2615.942 | K13: 28391.286 | L13: 6075643 | M13: 291472 | N13: 138837 | O13: 318825 | P13: 4062.339 | Q13: 28171.343 | R13: 20.844688 | S13: 3.0575104 | T13: 8.5463104 | U13: 9.2138905 | V13: 43.54646 | W13: 14.420111 | X13: 44670
... A559: XOM | B559: 10 | C559: 8 | D559: 5 | E559: 9 | F559: 16756.31 | G559: 512189.52 | H559: 19735 | I559: 214259 | J559: 2154.779 | K559: 18911.089 | L559: 4234922 | M559: 193598 | N559: 91952 | O559: 213303 | P559: 2848.229 | Q559: 18839.593 | R559: 21.874823 | S559: 3.2715058 | T559: 9.2108149 | U559: 11.394262 | V559: 43.10863 | W559: 15.118315 | X559: 44742

Sheet Rolig
A1: ticker | B1: Decile for market capitalization | C1: Decile for turnover | D1: Decile for volatility | E1: Decile for price | F1: Sum of trade volume for trades that are not against hidden orders ('000) | G1: Sum of order volume for all add order messages ('000) | H1: Count of trades against hidden orders from exchanges that report trades against hidden orders | I1: Count of trades from exchanges that report trades against hidden orders. | J1: Sum of trade volume for trades against hidden orders from exchanges that report trades against hidden orders ('000) | K1: Sum of trade volume from exchanges that report trades against hidden orders ('000) | L1: Count of all cancel messages, either full or partial, for all exchanges. | M1: Count of all trade messages for trades that are not against hidden orders. | N1: Count of odd lot trade messages for all exchanges. | O1: Count of trades from exchanges that report individual trades. | P1: Sum of odd lot trade volume for all exchanges ('000) | Q1: Sum of trade volume from exchanges that report individual trades ('000) | R1: Cancels/LitTrades | S1: 100*LitVol/OrderVol | T1: 100*Hidden/TradesForHidden | U1: 100*HiddenVol/TradeVolForHidden | V1: 100*OddLots/TradesForOddLots | W1: 100*OddLotVol/TradeVolForOddLots | X1: Date
A2: AAPL | B2: 10 | C2: 4 | D2: 1 | E2: 9 | F2: 22979.912 | G2: 964159.22 | H2: 26797 | I2: 259578 | J2: 2442.404 | K2: 25422.316 | L2: 4678605 | M2: 231044 | N2: 124237 | O2: 257641 | P2: 3109.162 | Q2: 25273.038 | R2: 20.249844 | S2: 2.3834146 | T2: 10.323294 | U2: 9.607323 | V2: 48.220974 | W2: 12.302288 | X2: 44348
A3: AAPL | B3: 10 | C3: 3 | D3: 2 | E3: 9 | F3: 22651.788 | G3: 897166.41 | H3: 25600 | I3: 240681 | J3: 2363.093 | K3: 25014.881 | L3: 4436312 | M3: 213118 | N3: 108784 | O3: 238584 | P3: 2848.48 | Q3: 24839.531 | R3: 20.816224 | S3: 2.5248145 | T3: 10.636486 | U3: 9.4467489 | V3: 45.595681 | W3: 11.467527 | X3: 44349
A4: AAPL | B4: 10 | C4: 5 | D4: 2 | E4: 9 | F4: 27824.849 | G4: 1041221.7 | H4: 25253 | I4: 301629 | J4: 2284.326 | K4: 30109.175 | L4: 5662733 | M4: 274554 | N4: 137501 | O4: 299575 | P4: 3504.106 | Q4: 29900.153 | R4: 20.625207 | S4: 2.672327 | T4: 8.3722056 | U4: 7.5868103 | V4: 45.89869 | W4: 11.719358 | X4: 44350
A5: AAPL | B5: 10 | C5: 5 | D5: 1 | E5: 9 | F5: 27644.962 | G5: 848446.52 | H5: 24250 | I5: 255294 | J5: 2750.55 | K5: 30395.512 | L5: 3984351 | M5: 228484 | N5: 104239 | O5: 252464 | P5: 2958.189 | Q5: 30066.661 | R5: 17.438206 | S5: 3.2583034 | T5: 9.4988523 | U5: 9.0491978 | V5: 41.288659 | W5: 9.8387679 | X5: 44351
A6: AAPL | B6: 10 | C6: 4 | D6: 2 | E6: 9 | F6: 27254.687 | G6: 913145.32 | H6: 28263 | I6: 269440 | J6: 2852.47 | K6: 30107.157 | L6: 4295058 | M6: 238837 | N6: 107594 | O6: 266952 | P6: 3058.612 | Q6: 29817.168 | R6: 17.983219 | S6: 2.9847042 | T6: 10.489534 | U6: 9.4743918 | V6: 40.304624 | W6: 10.257889 | X6: 44354
A7: AAPL | B7: 10 | C7: 4 | D7: 2 | E7: 9 | F7: 26460.219 | G7: 898751.37 | H7: 26772 | I7: 277137 | J7: 2817.623 | K7: 29277.842 | L7: 4954417 | M7: 248936 | N7: 123910 | O7: 275555 | P7: 3975.658 | Q7: 29118.872 | R7: 19.902372 | S7: 2.9441089 | T7: 9.6602042 | U7: 9.6237387 | V7: 44.967429 | W7: 13.653201 | X7: 44355
A8: AAPL | B8: 10 | C8: 4 | D8: 2 | E8: 9 | F8: 19834.849 | G8: 809516.48 | H8: 19636 | I8: 200907 | J8: 2205.908 | K8: 22040.757 | L8: 4251059 | M8: 179910 | N8: 82931 | O8: 199429 | P8: 2320.691 | Q8: 21896.548 | R8: 23.628809 | S8: 2.4502094 | T8: 9.7736764 | U8: 10.008313 | V8: 41.584223 | W8: 10.598433 | X8: 44356
A9: AAPL | B9: 10 | C9: 5 | D9: 2 | E9: 9 | F9: 27993.373 | G9: 990224.85 | H9: 29784 | I9: 277373 | J9: 3183.219 | K9: 31176.592 | L9: 4977538 | M9: 246213 | N9: 111429 | O9: 275741 | P9: 3393.472 | Q9: 30994.072 | R9: 20.21639 | S9: 2.8269714 | T9: 10.737887 | U9: 10.210285 | V9: 40.410748 | W9: 10.948778 | X9: 44357
A10: AAPL | B10: 10 | C10: 4 | D10: 2 | E10: 9 | F10: 19662.408 | G10: 738644.01 | H10: 18574 | I10: 182626 | J10: 2011.583 | K10: 21673.991 | L10: 3442509 | M10: 162820 | N10: 70441 | O10: 181219 | P10: 2099.536 | Q10: 21445.845 | R10: 21.143035 | S10: 2.66196 | T10: 10.170512 | U10: 9.2810918 | V10: 38.870648 | W10: 9.789943 | X10: 44358
A11: AAPL | B11: 10 | C11: 5 | D11: 2 | E11: 10 | F11: 32092.544 | G11: 936564.2 | H11: 35282 | I11: 297546 | J11: 3856.896 | K11: 35949.44 | L11: 4400976 | M11: 259959 | N11: 123886 | O11: 295054 | P11: 3325.911 | Q11: 35521.891 | R11: 16.9295 | S11: 3.4266251 | T11: 11.857662 | U11: 10.728668 | V11: 41.987568 | W11: 9.3629897 | X11: 44361
A12: AAPL | B12: 10 | C12: 4 | D12: 2 | E12: 10 | F12: 22378.002 | G12: 772614.4 | H12: 21954 | I12: 222500 | J12: 2276.745 | K12: 24654.747 | L12: 4342491 | M12: 199215 | N12: 87558 | O12: 220976 | P12: 2601.489 | Q12: 24497.13 | R12: 21.798012 | S12: 2.8963998 | T12: 9.8669663 | U12: 9.2345097 | V12: 39.623308 | W12: 10.619566 | X12: 44362
A13: AAPL | B13: 10 | C13: 5 | D13: 3 | E13: 10 | F13: 36141.382 | G13: 1107466.9 | H13: 35616 | I13: 378407 | J13: 3306.015 | K13: 39447.397 | L13: 6894980 | M13: 341056 | N13: 164195 | O13: 376247 | P13: 4591.192 | Q13: 39223.952 | R13: 20.216563 | S13: 3.2634278 | T13: 9.412088 | U13: 8.3808191 | V13: 43.640215 | W13: 11.705072 | X13: 44363
... A586: XOM | B586: 10 | C586: 6 | D586: 3 | E586: 8 | F586: 11196.558 | G586: 539950.49 | H586: 7379 | I586: 90136 | J586: 1133.216 | K586: 12329.774 | L586: 2410225 | M586: 81976 | N586: 31478 | O586: 89326 | P586: 942.904 | Q586: 12230.43 | R586: 29.401593 | S586: 2.0736268 | T586: 8.1865182 | U586: 9.1908903 | V586: 35.23946 | W586: 7.7094918 | X586: 44439

Sheet Sammen
A1: ticker | B1: Decile for market capitalization | C1: Decile for turnover | D1: Decile for volatility | E1: Decile for price | F1: Sum of trade volume for trades that are not against hidden orders ('000) | G1: Sum of order volume for all add order messages ('000) | H1: Count of trades against hidden orders from exchanges that report trades against hidden orders | I1: Count of trades from exchanges that report trades against hidden orders. | J1: Sum of trade volume for trades against hidden orders from exchanges that report trades against hidden orders ('000) | K1: Sum of trade volume from exchanges that report trades against hidden orders ('000) | L1: Count of all cancel messages, either full or partial, for all exchanges. | M1: Count of all trade messages for trades that are not against hidden orders. | N1: Count of odd lot trade messages for all exchanges. | O1: Count of trades from exchanges that report individual trades. | P1: Sum of odd lot trade volume for all exchanges ('000) | Q1: Sum of trade volume from exchanges that report individual trades ('000) | R1: Cancels/LitTrades | S1: 100*LitVol/OrderVol | T1: 100*Hidden/TradesForHidden | U1: 100*HiddenVol/TradeVolForHidden | V1: 100*OddLots/TradesForOddLots | W1: 100*OddLotVol/TradeVolForOddLots | X1: Date
A2: AAPL | B2: 10 | C2: 5 | D2: 3 | E2: 10 | F2: 28776.7 | G2: 855285.8 | H2: 32722 | I2: 378006 | J2: 3134.759 | K2: 31911.459 | L2: 6926790 | M2: 343004 | N2: 176975 | O2: 375571 | P2: 4929.729 | Q2: 31637.588 | R2: 20.194488 | S2: 3.3645712 | T2: 8.6564764 | U2: 9.823302 | V2: 47.121583 | W2: 15.581874 | X2: 44652
A3: AAPL | B3: 10 | C3: 5 | D3: 2 | E3: 10 | F3: 29155.319 | G3: 779699.97 | H3: 28244 | I3: 355544 | J3: 2973.917 | K3: 32129.236 | L3: 5416483 | M3: 325637 | N3: 156404 | O3: 353825 | P3: 4555.692 | Q3: 31871.484 | R3: 16.6335 | S3: 3.7392997 | T3: 7.9438832 | U3: 9.2561087 | V3: 44.203773 | W3: 14.293944 | X3: 44655
A4: AAPL | B4: 10 | C4: 5 | D4: 2 | E4: 10 | F4: 27358.661 | G4: 958610.9 | H4: 30803 | I4: 354672 | J4: 2721.993 | K4: 30080.654 | L4: 7169699 | M4: 321998 | N4: 166805 | O4: 352766 | P4: 4731.568 | Q4: 29870.873 | R4: 22.266284 | S4: 2.8539902 | T4: 8.6849258 | U4: 9.0489821 | V4: 47.284886 | W4: 15.840073 | X4: 44656
A5: AAPL | B5: 10 | C5: 5 | D5: 3 | E5: 10 | F5: 34217.717 | G5: 1097580.8 | H5: 37061 | I5: 458989 | J5: 3982.283 | K5: 38200 | L5: 8722403 | M5: 419289 | N5: 222814 | O5: 456269 | P5: 6413.746 | Q5: 37979.314 | R5: 20.802842 | S5: 3.1175579 | T5: 8.0744854 | U5: 10.424825 | V5: 48.833912 | W5: 16.887472 | X5: 44657
A6: AAPL | B6: 10 | C6: 5 | D6: 3 | E6: 10 | F6: 29402.445 | G6: 1059106 | H6: 29103 | I6: 385331 | J6: 2687.005 | K6: 32089.45 | L6: 8192030 | M6: 355010 | N6: 184382 | O6: 384043 | P6: 5419.166 | Q6: 31955.608 | R6: 23.075491 | S6: 2.7761569 | T6: 7.5527274 | U6: 8.3734841 | V6: 48.01077 | W6: 16.958419 | X6: 44658
A7: AAPL | B7: 10 | C7: 5 | D7: 3 | E7: 10 | F7: 28266.268 | G7: 891229.54 | H7: 31582 | I7: 366587 | J7: 3018.02 | K7: 31284.288 | L7: 7304435 | M7: 332934 | N7: 167284 | O7: 364403 | P7: 4862.708 | Q7: 31099.082 | R7: 21.939589 | S7: 3.1716036 | T7: 8.6151446 | U7: 9.6470791 | V7: 45.906318 | W7: 15.636179 | X7: 44659
A8: AAPL | B8: 10 | C8: 5 | D8: 2 | E8: 10 | F8: 29144.841 | G8: 972729.25 | H8: 30596 | I8: 377577 | J8: 2823.182 | K8: 31968.023 | L8: 7547229 | M8: 344431 | N8: 173803 | O8: 374938 | P8: 4685.712 | Q8: 31706.37 | R8: 21.912165 | S8: 2.9961925 | T8: 8.1032478 | U8: 8.8312687 | V8: 46.355131 | W8: 14.778456 | X8: 44662
A9: AAPL | B9: 10 | C9: 5 | D9: 3 | E9: 10 | F9: 30982.312 | G9: 982560.85 | H9: 32374 | I9: 406457 | J9: 3889.822 | K9: 34872.134 | L9: 7703916 | M9: 372652 | N9: 194219 | O9: 404936 | P9: 5609.582 | Q9: 34665.426 | R9: 20.673218 | S9: 3.1532207 | T9: 7.9649262 | U9: 11.154528 | V9: 47.962888 | W9: 16.182066 | X9: 44663
A10: AAPL | B10: 10 | C10: 5 | D10: 2 | E10: 10 | F10: 26413.995 | G10: 791448.63 | H10: 27902 | I10: 331076 | J10: 4095.14 | K10: 30509.135 | L10: 6224153 | M10: 301443 | N10: 146302 | O10: 329249 | P10: 4423.347 | Q10: 30275.503 | R10: 20.64786 | S10: 3.3374238 | T10: 8.4276722 | U10: 13.422668 | V10: 44.435063 | W10: 14.610317 | X10: 44664
A11: AAPL | B11: 10 | C11: 5 | D11: 2 | E11: 10 | F11: 26882.756 | G11: 763012.62 | H11: 29214 | I11: 344152 | J11: 2846.785 | K11: 29729.541 | L11: 5772873 | M11: 312659 | N11: 165435 | O11: 341784 | P11: 4599.927 | Q11: 29397.084 | R11: 18.463799 | S11: 3.5232387 | T11: 8.488691 | U11: 9.5756103 | V11: 48.403378 | W11: 15.647562 | X11: 44665
A12: AAPL | B12: 10 | C12: 5 | D12: 3 | E12: 10 | F12: 24750.13 | G12: 941225.65 | H12: 21670 | I12: 315596 | J12: 5479.431 | K12: 30229.561 | L12: 7131424 | M12: 292508 | N12: 145665 | O12: 314131 | P12: 4182.371 | Q12: 30078.334 | R12: 24.38027 | S12: 2.6295639 | T12: 6.8663735 | U12: 18.126069 | V12: 46.370782 | W12: 13.904929 | X12: 44669
A13: AAPL | B13: 10 | C13: 5 | D13: 3 | E13: 10 | F13: 25775.344 | G13: 843017.37 | H13: 27414 | I13: 320770 | J13: 2615.942 | K13: 28391.286 | L13: 6075643 | M13: 291472 | N13: 138837 | O13: 318825 | P13: 4062.339 | Q13: 28171.343 | R13: 20.844688 | S13: 3.0575104 | T13: 8.5463104 | U13: 9.2138905 | V13: 43.54646 | W13: 14.420111 | X13: 44670
... A1144: XOM | B1144: 10 | C1144: 6 | D1144: 3 | E1144: 8 | F1144: 11196.558 | G1144: 539950.49 | H1144: 7379 | I1144: 90136 | J1144: 1133.216 | K1144: 12329.774 | L1144: 2410225 | M1144: 81976 | N1144: 31478 | O1144: 89326 | P1144: 942.904 | Q1144: 12230.43 | R1144: 29.401593 | S1144: 2.0736268 | T1144: 8.1865182 | U1144: 9.1908903 | V1144: 35.23946 | W1144: 7.7094918 | X1144: 44439

Sheet Statistikk
B1: Ticker | C1: Gj.snitt turnover | D1: Gj.snitt volatility | E1: Gj.snitt price | F1: Cancels/LitTrades | G1: 100*LitVol/OrderVol | H1: 100*Hidden/TradesForHidden | I1: 100*HiddenVol/TradeVolForHidden | J1: 100*OddLots/TradesForOddLots | K1: 100*OddLotVol/TradeVolForOddLots
A2: Stress | B2: AAPL | C2: =AVERAGE(Stress!C2:C63) -> 5.5 | D2: =AVERAGE(Stress!D2:D63) -> 3.3548387 | E2: =AVERAGE(Stress!E2:E63) -> 10 | F2: =AVERAGE(Stress!R2:R63) -> 19.678803 | G2: =AVERAGE(Stress!S2:S63) -> 3.56987 | H2: =AVERAGE(Stress!T2:T63) -> 9.1654091 | I2: =AVERAGE(Stress!U2:U63) -> 11.29061 | J2: =AVERAGE(Stress!V2:V63) -> 48.327844 | K2: =AVERAGE(Stress!W2:W63) -> 15.832919
A3: Rolig | B3: AAPL | C3: =AVERAGE(Rolig!C2:C66) -> 4.8461538 | D3: =AVERAGE(Rolig!D2:D66) -> 2.1384615 | E3: =AVERAGE(Rolig!E2:E66) -> 9.8615385 | F3: =AVERAGE(Rolig!R2:R66) -> 17.487697 | G3: =AVERAGE(Rolig!S2:S66) -> 3.707183 | H3: =AVERAGE(Rolig!T2:T66) -> 10.273999 | I3: =AVERAGE(Rolig!U2:U66) -> 10.453183 | J3: =AVERAGE(Rolig!V2:V66) -> 43.772824 | K3: =AVERAGE(Rolig!W2:W66) -> 12.628695
B4: AXP | C4: =AVERAGE(Stress!C64:C125) -> 4.4354839 | D4: =AVERAGE(Stress!D64:D125) -> 3.2741935 | E4: =AVERAGE(Stress!E64:E125) -> 10 | F4: =AVERAGE(Stress!R64:R125) -> 35.740052 | G4: =AVERAGE(Stress!S64:S125) -> 1.1698955 | H4: =AVERAGE(Stress!T64:T125) -> 22.369826 | I4: =AVERAGE(Stress!U64:U125) -> 23.421693 | J4: =AVERAGE(Stress!V64:V125) -> 81.36562 | K4: =AVERAGE(Stress!W64:W125) -> 44.543116
B5: AXP | C5: =AVERAGE(Rolig!C67:C131) -> 4.6307692 | D5: =AVERAGE(Rolig!D67:D131) -> 2.3538462 | E5: =AVERAGE(Rolig!E67:E131) -> 10 | F5: =AVERAGE(Rolig!R67:R131) -> 21.096866 | G5: =AVERAGE(Rolig!S67:S131) -> 2.4658019 | H5: =AVERAGE(Rolig!T67:T131) -> 15.809964 | I5: =AVERAGE(Rolig!U67:U131) -> 16.820715 | J5: =AVERAGE(Rolig!V67:V131) -> 72.631512 | K5: =AVERAGE(Rolig!W67:W131) -> 35.71081
B6: BAC | C6: =AVERAGE(Stress!C126:C187) -> 5.8225806 | D6: =AVERAGE(Stress!D126:D187) -> 3.1612903 | E6: =AVERAGE(Stress!E126:E187) -> 7.9032258 | F6: =AVERAGE(Stress!R126:R187) -> 23.007848 | G6: =AVERAGE(Stress!S126:S187) -> 2.0619741 | H6: =AVERAGE(Stress!T126:T187) -> 12.974715 | I6: =AVERAGE(Stress!U126:U187) -> 12.098724 | J6: =AVERAGE(Stress!V126:V187) -> 29.709726 | K6: =AVERAGE(Stress!W126:W187) -> 5.3297153
B7: BAC | C7: =AVERAGE(Rolig!C132:C196) -> 5.4769231 | D7: =AVERAGE(Rolig!D132:D196) -> 2.6769231 | E7: =AVERAGE(Rolig!E132:E196) -> 7 | F7: =AVERAGE(Rolig!R132:R196) -> 17.82814 | G7: =AVERAGE(Rolig!S132:S196) -> 2.2961144 | H7: =AVERAGE(Rolig!T132:T196) -> 15.347856 | I7: =AVERAGE(Rolig!U132:U196) -> 15.608844 | J7: =AVERAGE(Rolig!V132:V196) -> 26.661329 | K7: =AVERAGE(Rolig!W132:W196) -> 4.3571798
B8: JNJ | C8: =AVERAGE(Stress!C188:C249) -> 3.3225806 | D8: =AVERAGE(Stress!D188:D249) -> 2.016129 | E8: =AVERAGE(Stress!E188:E249) -> 10 | F8: =AVERAGE(Stress!R188:R249) -> 22.037192 | G8: =AVERAGE(Stress!S188:S249) -> 1.8325744 | H8: =AVERAGE(Stress!T188:T249) -> 14.829297 | I8: =AVERAGE(Stress!U188:U249) -> 15.083567 | J8: =AVERAGE(Stress!V188:V249) -> 72.444463 | K8: =AVERAGE(Stress!W188:W249) -> 34.096358
B9: JNJ | C9: =AVERAGE(Rolig!C197:C261) -> 2.5384615 | D9: =AVERAGE(Rolig!D197:D261) -> 1.0461538 | E9: =AVERAGE(Rolig!E197:E261) -> 10 | F9: =AVERAGE(Rolig!R197:R261) -> 21.53012 | G9: =AVERAGE(Rolig!S197:S261) -> 1.9098086 | H9: =AVERAGE(Rolig!T197:T261) -> 9.0301007 | I9: =AVERAGE(Rolig!U197:U261) -> 10.267235 | J9: =AVERAGE(Rolig!V197:V261) -> 67.134588 | K9: =AVERAGE(Rolig!W197:W261) -> 27.460195
B10: JPM | C10: =AVERAGE(Stress!C250:C311) -> 4.8064516 | D10: =AVERAGE(Stress!D250:D311) -> 2.5967742 | E10: =AVERAGE(Stress!E250:E311) -> 10 | F10: =AVERAGE(Stress!R250:R311) -> 27.152842 | G10: =AVERAGE(Stress!S250:S311) -> 0.5792501 | H10: =AVERAGE(Stress!T250:T311) -> 10.80859 | I10: =AVERAGE(Stress!U250:U311) -> 13.101021 | J10: =AVERAGE(Stress!V250:V311) -> 67.620235 | K10: =AVERAGE(Stress!W250:W311) -> 29.526727
B11: JPM | C11: =AVERAGE(Rolig!C262:C326) -> 4.4307692 | D11: =AVERAGE(Rolig!D262:D326) -> 2.1384615 | E11: =AVERAGE(Rolig!E262:E326) -> 10 | F11: =AVERAGE(Rolig!R262:R326) -> 25.25928 | G11: =AVERAGE(Rolig!S262:S326) -> 0.82629784 | H11: =AVERAGE(Rolig!T262:T326) -> 6.4068504 | I11: =AVERAGE(Rolig!U262:U326) -> 7.2038506 | J11: =AVERAGE(Rolig!V262:V326) -> 60.516551 | K11: =AVERAGE(Rolig!W262:W326) -> 25.456711
B12: KO | C12: =AVERAGE(Stress!C312:C373) -> 4.3064516 | D12: =AVERAGE(Stress!D312:D373) -> 2.016129 | E12: =AVERAGE(Stress!E312:E373) -> 9 | F12: =AVERAGE(Stress!R312:R373) -> 21.918951 | G12: =AVERAGE(Stress!S312:S373) -> 1.9438435 | H12: =AVERAGE(Stress!T312:T373) -> 11.135671 | I12: =AVERAGE(Stress!U312:U373) -> 12.336727 | J12: =AVERAGE(Stress!V312:V373) -> 45.300982 | K12: =AVERAGE(Stress!W312:W373) -> 14.306871
B13: KO | C13: =AVERAGE(Rolig!C327:C391) -> 3.1846154 | D13: =AVERAGE(Rolig!D327:D391) -> 1.0615385 | E13: =AVERAGE(Rolig!E327:E391) -> 8 | F13: =AVERAGE(Rolig!R327:R391) -> 18.53179 | G13: =AVERAGE(Rolig!S327:S391) -> 2.1365662 | H13: =AVERAGE(Rolig!T327:T391) -> 11.822058 | I13: =AVERAGE(Rolig!U327:U391) -> 12.018232 | J13: =AVERAGE(Rolig!V327:V391) -> 41.101473 | K13: =AVERAGE(Rolig!W327:W391) -> 10.059581
B14: MCD | C14: =AVERAGE(Stress!C374:C435) -> 4.0322581 | D14: =AVERAGE(Stress!D374:D435) -> 1.983871 | E14: =AVERAGE(Stress!E374:E435) -> 10 | F14: =AVERAGE(Stress!R374:R435) -> 35.424145 | G14: =AVERAGE(Stress!S374:S435) -> 1.071875 | H14: =AVERAGE(Stress!T374:T435) -> 20.661227 | I14: =AVERAGE(Stress!U374:U435) -> 19.715897 | J14: =AVERAGE(Stress!V374:V435) -> 84.710425 | K14: =AVERAGE(Stress!W374:W435) -> 49.185963
B15: MCD | C15: =AVERAGE(Rolig!C392:C456) -> 3.4461538 | D15: =AVERAGE(Rolig!D392:D456) -> 1.1230769 | E15: =AVERAGE(Rolig!E392:E456) -> 10 | F15: =AVERAGE(Rolig!R392:R456) -> 20.836304 | G15: =AVERAGE(Rolig!S392:S456) -> 1.9018938 | H15: =AVERAGE(Rolig!T392:T456) -> 13.834948 | I15: =AVERAGE(Rolig!U392:U456) -> 14.174082 | J15: =AVERAGE(Rolig!V392:V456) -> 82.745938 | K15: =AVERAGE(Rolig!W392:W456) -> 44.55312
B16: MMM | C16: =AVERAGE(Stress!C436:C497) -> 4.9516129 | D16: =AVERAGE(Stress!D436:D497) -> 2.1290323 | E16: =AVERAGE(Stress!E436:E497) -> 10 | F16: =AVERAGE(Stress!R436:R497) -> 34.272329 | G16: =AVERAGE(Stress!S436:S497) -> 1.0778859 | H16: =AVERAGE(Stress!T436:T497) -> 15.113249 | I16: =AVERAGE(Stress!U436:U497) -> 15.656776 | J16: =AVERAGE(Stress!V436:V497) -> 83.478089 | K16: =AVERAGE(Stress!W436:W497) -> 46.549381
B17: MMM | C17: =AVERAGE(Rolig!C457:C521) -> 3.8461538 | D17: =AVERAGE(Rolig!D457:D521) -> 1.4923077 | E17: =AVERAGE(Rolig!E457:E521) -> 10 | F17: =AVERAGE(Rolig!R457:R521) -> 19.472279 | G17: =AVERAGE(Rolig!S457:S521) -> 2.1452507 | H17: =AVERAGE(Rolig!T457:T521) -> 15.379674 | I17: =AVERAGE(Rolig!U457:U521) -> 16.055879 | J17: =AVERAGE(Rolig!V457:V521) -> 83.246454 | K17: =AVERAGE(Rolig!W457:W521) -> 46.938314
B18: XOM | C18: =AVERAGE(Stress!C498:C559) -> 6.1451613 | D18: =AVERAGE(Stress!D498:D559) -> 4.1451613 | E18: =AVERAGE(Stress!E498:E559) -> 9.1129032 | F18: =AVERAGE(Stress!R498:R559) -> 32.160101 | G18: =AVERAGE(Stress!S498:S559) -> 2.2080997 | H18: =AVERAGE(Stress!T498:T559) -> 7.5090355 | I18: =AVERAGE(Stress!U498:U559) -> 7.8495195 | J18: =AVERAGE(Stress!V498:V559) -> 45.921394 | K18: =AVERAGE(Stress!W498:W559) -> 15.779397
B19: XOM | C19: =AVERAGE(Rolig!C522:C586) -> 5.2307692 | D19: =AVERAGE(Rolig!D522:D586) -> 2.9538462 | E19: =AVERAGE(Rolig!E522:E586) -> 8 | F19: =AVERAGE(Rolig!R522:R586) -> 30.46841 | G19: =AVERAGE(Rolig!S522:S586) -> 2.0230464 | H19: =AVERAGE(Rolig!T522:T586) -> 8.5442142 | I19: =AVERAGE(Rolig!U522:U586) -> 9.0286447 | J19: =AVERAGE(Rolig!V522:V586) -> 38.709982 | K19: =AVERAGE(Rolig!W522:W586) -> 11.405474
